{
    "version": 1,
    "keys": [
        1,
        2,
        3,
        4,
        5,
        6,
        7,
        8,
        9,
        10
    ],
    "values": [
        62,
        515,
        923,
        1479,
        2056,
        1944,
        1520,
        932,
        497,
        72
    ],
    "pos": {
        "x": 3.3953685760498049,
        "y": 0.026614665985107423,
        "z": 8.33752727508545
    },
    "rot": {
        "x": 1.8374168872833253,
        "y": 6.010380268096924,
        "z": 9.275188446044922,
        "w": 4.683216094970703
    }
}