{
    "version": 1,
    "keys": [
        1,
        2,
        3,
        4,
        5,
        6,
        7,
        8,
        9,
        10
    ],
    "values": [
        80,
        494,
        1008,
        1466,
        1962,
        1990,
        1443,
        993,
        498,
        66
    ],
    "pos": {
        "x": 8.291716575622559,
        "y": 4.9344964027404789,
        "z": 3.8154096603393556
    },
    "rot": {
        "x": 4.266376972198486,
        "y": 1.9572830200195313,
        "z": 1.450345516204834,
        "w": 2.64982271194458
    }
}