{
    "version": 1,
    "keys": [
        1,
        2,
        3,
        4,
        5,
        6,
        7,
        8,
        9,
        10
    ],
    "values": [
        66,
        496,
        995,
        1463,
        2047,
        1934,
        1484,
        978,
        477,
        60
    ],
    "pos": {
        "x": 1.009809970855713,
        "y": 5.712790012359619,
        "z": 7.83441162109375
    },
    "rot": {
        "x": 5.888145446777344,
        "y": 6.158378601074219,
        "z": 6.032701015472412,
        "w": 6.116678237915039
    }
}