{
    "version": 1,
    "keys": [
        1,
        2,
        3,
        4,
        5,
        6,
        7,
        8,
        9,
        10
    ],
    "values": [
        54,
        488,
        975,
        1514,
        1943,
        1993,
        1482,
        996,
        490,
        65
    ],
    "pos": {
        "x": 3.6405558586120607,
        "y": 9.150012969970704,
        "z": 6.612539291381836
    },
    "rot": {
        "x": 8.377107620239258,
        "y": 4.38911247253418,
        "z": 5.206320762634277,
        "w": 1.9128811359405518
    }
}